Company,Website,Primary_Contact_Email,Location,LinkedIn,Active?,Notes,Contact_Count
A Taste of Excellence,taste-food.com,kaitlyn.sauers@taste-food.com,Cleveland,https://www.linkedin.com/in/kaitlyn-sauers,Active,"30+ years, Cleveland catering company, active",1
AFox Solutions,afoxsolutions.com,ledgington@americanbus.com,Cleveland,https://www.linkedin.com/in/steve-arrington,Inactive,"Located in Kentucky, NOT Cleveland - remove",1
AURA Venue CLE LLC,auravenuecle.com,hello@auravenuecle.com,Cleveland,https://www.linkedin.com/in/alicia-procello,Active,"Active wedding venue, hosting 2025 events",3
Adobe Acrobat,Needs Research,cit46532@adobe.com,Cleveland,https://www.linkedin.com/in/dale-elwell,Needs Verification,Not yet verified - requires manual check,1
AfterMath,teamaftermath.com,mmccallum@teamaftermath.com,Cleveland,https://www.linkedin.com/in/jodi-henderson-ross,Inactive,CLOSED as of 8/29/25,2
Akron AIDS Collaborative,Needs Research,stan1727@gmail.com,Akron,https://www.linkedin.com/in/keith-munnerlyn,Needs Verification,Not yet verified - requires manual check,6
Akron Pride Custom Tees,Needs Research,akronpridecustomtees@outlook.com,Akron,https://www.linkedin.com/in/akron-public,Needs Verification,Not yet verified - requires manual check,1
Akron Pride Festival,Needs Research,info@akronpridefestival.org,Akron,https://www.linkedin.com/in/erin-simonetti,Needs Verification,Not yet verified - requires manual check,3
Akron Soul Train,Needs Research,Nancy@akronsoultrain.org,Akron,https://www.linkedin.com/in/denaira-campbell,Needs Verification,Not yet verified - requires manual check,2
"Allison L. Harrison Law, LLC",Needs Research,aharrison@alharrisonlaw.com,Cleveland,https://www.linkedin.com/in/kathy-dow,Needs Verification,Not yet verified - requires manual check,1
Art by Ali Cleveland,Needs Research,ArtbyAliCleveland@yahoo.com,Cleveland,https://www.linkedin.com/in/mykel-fisher,Needs Verification,Not yet verified - requires manual check,1
Art of Sucre,artofsucre.com,hello@artofsucre.com,Cleveland,https://www.linkedin.com/in/amanda-gallitto,Active,"Akron-based cotton candy business, active",4
ArtsNow,Needs Research,nicole@artsnow.org,Cleveland,https://www.linkedin.com/in/harvir-kang,Needs Verification,Not yet verified - requires manual check,3
Assembly for the Arts,Needs Research,jeremy@assemblycle.org,Cleveland,https://www.linkedin.com/in/charli-montesino,Needs Verification,Not yet verified - requires manual check,2
AuF Drug Testing Services,Needs Research,mainoffice@aufdrugtesting.com,Cleveland,https://www.linkedin.com/in/kristina-olson,Needs Verification,Not yet verified - requires manual check,1
Axuall,axuall.com,hr@axuall.com,Cleveland,https://www.linkedin.com/in/lauranne-scharf,Active,"Cleveland healthcare tech, major 2025 Cleveland Clinic partnership",2
Azimuth Medical LLC,Needs Research,pete@azimuthmedical.com,Cleveland,https://www.linkedin.com/in/lisa-weitzman,Needs Verification,Not yet verified - requires manual check,1
B. Frohman Imaging and Design,bfimaging.com,bobbi@BFimaging.com,Cleveland,https://www.linkedin.com/in/susan-bookshar,Active,"Cleveland photography studio, 2500+ sessions, active",3
B.Riley Sober House,None,b.rileysoberhonestliving@gmail.com,Cleveland,https://www.linkedin.com/in/ayron-evans,Maybe,"LGBT recovery house, nonprofit, GuideStar shows 2022-2024 tax forms",9
BE YOU Brands,beyoubrandsolutions.com,BEYOUbrands@americanbus.com,Cleveland,https://www.linkedin.com/in/larkesha-burns,Maybe,"Grove City OH (Columbus area), not Cleveland proper",5
Baldwin Wallace LGBT Center,Needs Research,lgbt@bw.edu,Cleveland,https://www.linkedin.com/in/allen-loew,Needs Verification,Not yet verified - requires manual check,2
Bamboo Birth,Needs Research,Kristen@bamboo-birth.com,Cleveland,https://www.linkedin.com/in/mary-ann,Needs Verification,Not yet verified - requires manual check,1
Beachland Ballroom,Needs Research,cindy@beachlandballroom.com,Cleveland,https://www.linkedin.com/in/megan-laconte,Needs Verification,Not yet verified - requires manual check,1
Beck Center for the Arts,Needs Research,jgilliland@beckcenter.org,Cleveland,https://www.linkedin.com/in/justin-lepley,Needs Verification,Not yet verified - requires manual check,6
"Bellman & Associates, LLC",Needs Research,Lori@MedicareWithLori.com,Cleveland,https://www.linkedin.com/in/beth-laurel,Needs Verification,Not yet verified - requires manual check,1
Benjamin Rose,Needs Research,info@benrose.org,Cleveland,https://www.linkedin.com/in/mailey-lorio,Needs Verification,Not yet verified - requires manual check,4
Berkshire Hathaway HomeServices Professional Realty,Needs Research,alex@homesbyalexcruz.com,Cleveland,https://www.linkedin.com/in/devin-taylor,Needs Verification,Not yet verified - requires manual check,1
Berkshire Hathaway HomeServices Professional Realty - Kacey Yates Gable,Needs Research,kyates.gable@gmail.com,Cleveland,https://www.linkedin.com/in/avery-ware,Needs Verification,Not yet verified - requires manual check,1
Better Business Bureau,Needs Research,pam@cleveland.bbb.org,Cleveland,https://www.linkedin.com/in/darnell-mosses,Needs Verification,Not yet verified - requires manual check,3
Big Creek Massotherapy,Needs Research,anthony@bigcreekmassotherapy.com,Cleveland,https://www.linkedin.com/in/joni-allen,Needs Verification,Not yet verified - requires manual check,2
Birdtown Strength,Needs Research,jillian@birdtownstrength.com,Cleveland,https://www.linkedin.com/in/hannah-brisson,Needs Verification,Not yet verified - requires manual check,1
Black Transmen of Ohio - BTMOhio,Needs Research,info@btmohio.org,Cleveland,https://www.linkedin.com/in/marcia-butts,Needs Verification,Not yet verified - requires manual check,3
Blurred Lines Beauty,Needs Research,blurredlinesbeauty20@gmail.com,Cleveland,https://www.linkedin.com/in/hansen-coseo,Needs Verification,Not yet verified - requires manual check,1
BorderLight Fringe Festival,borderlightcle.org,info@borderlightcle.org,Cleveland,https://www.linkedin.com/in/cate-crouch,Active,"Annual festival, 2025 event July 16-19, active",5
"Bosco Consulting, LLC",Needs Research,jennifer@boscoconsulting.org,Cleveland,https://www.linkedin.com/in/brittany-long,Needs Verification,Not yet verified - requires manual check,1
Boss K9,Needs Research,contact@bossk9cle.com,Cleveland,https://www.linkedin.com/in/sean-morgan,Needs Verification,Not yet verified - requires manual check,1
BottleHouse Brewing Company,Needs Research,brianbenchek@gmail.com,Cleveland,https://www.linkedin.com/in/joanna-radov,Needs Verification,Not yet verified - requires manual check,1
Brewnuts,Needs Research,brewnutscle@gmail.com,Cleveland,https://www.linkedin.com/in/michelle-rock,Needs Verification,Not yet verified - requires manual check,1
"Bridgestone Americas, Inc.",Needs Research,perryheidi@bfusa.com,Cleveland,https://www.linkedin.com/in/carol-routt,Needs Verification,Not yet verified - requires manual check,6
"Burten, Bell, Carr Development, Inc.",Needs Research,lburns@bbcdevelopment.org,Cleveland,https://www.linkedin.com/in/lucy-veres,Needs Verification,Not yet verified - requires manual check,1
CANAPI,canapi.org,info@canapi.org,Cleveland,https://www.linkedin.com/in/nichole-collins,Active,"Akron LGBT/HIV nonprofit, active",10
COSE,Needs Research,mkim@cose.org,Cleveland,https://www.linkedin.com/in/rhea-doria,Needs Verification,Not yet verified - requires manual check,3
COSE Council of Small Enterprises,Needs Research,info@cose.org,Cleveland,https://www.linkedin.com/in/anson-hall,Needs Verification,Not yet verified - requires manual check,2
CPR Trends,Needs Research,melindacook@cprtrends.com,Cleveland,https://www.linkedin.com/in/mrs-shannon,Needs Verification,Not yet verified - requires manual check,1
Call Management Resources,Needs Research,mriggle@cmrinc.com,Cleveland,https://www.linkedin.com/in/celena-zevnik,Needs Verification,Not yet verified - requires manual check,2
Camp Lilac,Needs Research,info@camplilac.org,Cleveland,https://www.linkedin.com/in/allison-baker,Needs Verification,Not yet verified - requires manual check,1
Candid,Needs Research,brian.schultz@candid.org,Cleveland,https://www.linkedin.com/in/leta-obertacz,Needs Verification,Not yet verified - requires manual check,1
"Carve Your Own Path, Inc.",Needs Research,amanda@cyopinc.org,Cleveland,https://www.linkedin.com/in/brittany-schultz,Needs Verification,Not yet verified - requires manual check,1
"Catharsis Counseling CLE, LLC",Needs Research,Kaleigh@CatharsisCLE.com,Cleveland,https://www.linkedin.com/in/todd-robinson,Needs Verification,Not yet verified - requires manual check,1
Cilantro Taqueria,Needs Research,tacoscilantro@gmail.com,Cleveland,https://www.linkedin.com/in/kate-rose,Needs Verification,Not yet verified - requires manual check,1
City Goods,Needs Research,LPainter@OhioCity.org,Cleveland,https://www.linkedin.com/in/brad-speck,Needs Verification,Not yet verified - requires manual check,1
Claw,Needs Research,Tim.k@clawinfo.org,Cleveland,https://www.linkedin.com/in/lisa-held,Needs Verification,Not yet verified - requires manual check,1
Clean Eatz - Cuyahoga Falls,Needs Research,Cfalls@cleaneatz.com,Cleveland,https://www.linkedin.com/in/forest-indra,Needs Verification,Not yet verified - requires manual check,1
Cleveland Massotherapy,Needs Research,bookings@clevelandmassotherapy.com,Cleveland,https://www.linkedin.com/in/gina-messina,Needs Verification,Not yet verified - requires manual check,1
Cleveland Pride Band,Needs Research,info@clevelandprideband.org,Cleveland,https://www.linkedin.com/in/brynn-popa,Needs Verification,Not yet verified - requires manual check,10
Cleveland Public Theatre,Needs Research,engagement@cptonline.org,Cleveland,https://www.linkedin.com/in/scott-latiolais,Needs Verification,Not yet verified - requires manual check,6
Cleveland SHRM,Needs Research,admin@clevelandshrm.com,Cleveland,https://www.linkedin.com/in/quincy-jones,Needs Verification,Not yet verified - requires manual check,1
Cleveland Sex & Intimacy Counseling,Needs Research,admin@clesexandintimacycounseling.com,Cleveland,https://www.linkedin.com/in/brian-steele,Needs Verification,Not yet verified - requires manual check,3
Cleveland Sex Therapy,Needs Research,matt@clevelandsextherapy.com,Cleveland,https://www.linkedin.com/in/elizabeth-day,Needs Verification,Not yet verified - requires manual check,3
Cleveland Stonewall Democrats,Needs Research,president@clevelandstonewalldems.org,Cleveland,https://www.linkedin.com/in/ky-theophanous,Needs Verification,Not yet verified - requires manual check,2
Cleveland Therapy Group,clevelandtherapygroup.com,Info@clevelandtherapygroup.com,Cleveland,https://www.linkedin.com/in/christina-yoo,Active,"Westlake OH, founded 2020, active practice",3
Cleveland Votes,Needs Research,info@clevotes.com,Cleveland,https://www.linkedin.com/in/wendy-bartlett,Needs Verification,Not yet verified - requires manual check,1
Clever Girl Marketing,Needs Research,heather@clevergirlmarketing.com,Cleveland,https://www.linkedin.com/in/jessica-brown,Needs Verification,Not yet verified - requires manual check,1
Cloak & Dagger,Needs Research,info@cloakanddaggercle.com,Cleveland,https://www.linkedin.com/in/ty-bruening,Needs Verification,Not yet verified - requires manual check,2
Colors+ Counseling,Needs Research,admin@colorscounseling.org,Cleveland,https://www.linkedin.com/in/traci-haynes,Needs Verification,Not yet verified - requires manual check,2
"Community Partners Insurance Group, LLC",Needs Research,jessica.mccoy@cpiginsurance.com,Cleveland,https://www.linkedin.com/in/donea-roddy,Needs Verification,Not yet verified - requires manual check,1
"Compass Policy Strategies, LLC",Needs Research,kaiser@compasspolicy.com,Cleveland,https://www.linkedin.com/in/bryanta-spencer,Needs Verification,Not yet verified - requires manual check,1
Conservancy for Cuyahoga Valley National Park,Needs Research,info@forcvnp.org,Cleveland,https://www.linkedin.com/in/hillary-walker,Needs Verification,Not yet verified - requires manual check,5
Cook Insurance Group,Needs Research,rod@cookinsurance.cc,Cleveland,https://www.linkedin.com/in/isaiah-barnett,Needs Verification,Not yet verified - requires manual check,1
Cory Electronics,Needs Research,sales@coryelectronics.com,Cleveland,https://www.linkedin.com/in/courtni-began,Needs Verification,Not yet verified - requires manual check,2
Crack Corn Ltd.,Needs Research,james@crackcorn.com,Cleveland,https://www.linkedin.com/in/kara-wyrock,Needs Verification,Not yet verified - requires manual check,2
Creative Solutions Counseling,Needs Research,allisontpetty@gmail.com,Cleveland,https://www.linkedin.com/in/viraj-bhatt,Needs Verification,Not yet verified - requires manual check,1
Crowbar,Needs Research,austin@crowbar.club,Cleveland,https://www.linkedin.com/in/david-bingle,Needs Verification,Not yet verified - requires manual check,3
DANCECleveland,Needs Research,tremick@dancecleveland.org,Cleveland,https://www.linkedin.com/in/devon-watson,Needs Verification,Not yet verified - requires manual check,3
DJ Nick Duve,Needs Research,nick@djnickduve.com,Cleveland,https://www.linkedin.com/in/tangela-hogue,Needs Verification,Not yet verified - requires manual check,1
DJM Consulting,Needs Research,dj.matheny18@gmail.com,Cleveland,https://www.linkedin.com/in/faryl-hoover,Needs Verification,Not yet verified - requires manual check,2
"DMS, Diversity Management Solutions",Needs Research,donna@diversitymanagementsolutions.com,Cleveland,https://www.linkedin.com/in/frank-hurley,Needs Verification,Not yet verified - requires manual check,1
Dale Dong Photography,Needs Research,daledongphoto@gmail.com,Cleveland,https://www.linkedin.com/in/adam-wasilczuk,Needs Verification,Not yet verified - requires manual check,1
Declutter with Devon LLC,Needs Research,devon.fegen@gmail.com,Cleveland,https://www.linkedin.com/in/mariah-burkes,Needs Verification,Not yet verified - requires manual check,1
Denise Astorino - Realtor - Howard Hanna,Needs Research,deniseastorino@howardhanna.com,Cleveland,https://www.linkedin.com/in/lena-chapin,Needs Verification,Not yet verified - requires manual check,2
"Dezfox, LLC",Needs Research,james@dezfox.com,Cleveland,https://www.linkedin.com/in/toya-jordan,Needs Verification,Not yet verified - requires manual check,1
Dixon Officiant Services,Needs Research,dixonmichelle2011@yahoo.com,Cleveland,https://www.linkedin.com/in/amanda-helinski,Needs Verification,Not yet verified - requires manual check,1
Dobama Theatre,Needs Research,edolan@dobama.org,Cleveland,https://www.linkedin.com/in/lynda-johnson,Needs Verification,Not yet verified - requires manual check,9
Dorian Gray Galleries,Needs Research,DGrayGalleries@gmail.com,Cleveland,https://www.linkedin.com/in/laurel-mesko,Needs Verification,Not yet verified - requires manual check,1
DoubleTree by Hilton - Tudor Arms Hotel Cleveland,Needs Research,Anthony.Cannistra@hilton.com,Cleveland,https://www.linkedin.com/in/rebecca-miklos,Needs Verification,Not yet verified - requires manual check,7
Douglass & Associates Co LPA,douglasslaw.com,d.douglass@douglasslaw.com,Cleveland,https://www.linkedin.com/in/kathy-parker,Active,"Cleveland law firm, founded 1983, active",6
EDEN:Emerald Development & Economic Network,Needs Research,edeninfo@edencle.org,Cleveland,https://www.linkedin.com/in/guy-ryno,Needs Verification,Not yet verified - requires manual check,11
ERIEBANK,eriebank.bank,CustomerServiceCenter@ERIEBANK.bank,Cleveland,https://www.linkedin.com/in/renee-martinez,Active,"Regional bank, multiple Cleveland locations, 501 employees 2025",9
Edward Jones - Gina Betti,Needs Research,gina.betti@edwardjones.com,Cleveland,https://www.linkedin.com/in/christine-walker,Needs Verification,Not yet verified - requires manual check,1
Emma Parker Photography,Needs Research,eparker.photo1@gmail.com,Cleveland,https://www.linkedin.com/in/lorna-wisham,Needs Verification,Not yet verified - requires manual check,1
En@ble Growth LLC,Needs Research,steve@enablegrowth.consulting,Cleveland,https://www.linkedin.com/in/beth-castelucci,Needs Verification,Not yet verified - requires manual check,1
Energetic Awakenings,energeticawakenings.com,david@energeticawakenings.com,Cleveland,https://www.linkedin.com/in/becky-cross,Active,"Cleveland wellness/coaching, LGBT-owned",1
Engage! Cleveland,engagecleveland.org,Michael@engagecleveland.org,Cleveland,https://www.linkedin.com/in/tom-diller,Active,"Young professionals nonprofit, 2025 mentorship programs active",2
Equality Ohio,equalityohio.org,info@equalityohio.org,Cleveland,https://www.linkedin.com/in/ronnie-hubbard,Active,"LGBT advocacy org, Cleveland presence, 2025 activity",12
Equitas Health,equitashealth.com,info@equitashealth.com,Cleveland,https://www.linkedin.com/in/natalie-smith,Active,"LGBT healthcare, nonprofit, serves OH/KY/WV/TX, active",11
Equius Group LLC,Needs Research,erica@equiusgroup.biz,Cleveland,https://www.linkedin.com/in/kim-busser,Needs Verification,Not yet verified - requires manual check,1
Every Angle Photography,Needs Research,everyangle@att.net,Cleveland,https://www.linkedin.com/in/halee-gerenday,Needs Verification,Not yet verified - requires manual check,1
Everybody Cycle,Needs Research,nathan@everybodycycle.com,Cleveland,https://www.linkedin.com/in/emily-lundgard,Needs Verification,Not yet verified - requires manual check,1
FIT Technologies,fittechnologies.com,info@FITtechnologies.com,Cleveland,https://www.linkedin.com/in/laura-christner,Active,"Cleveland IT, founded 1999, employee-owned, ~100 employees",8
Facing History and Ourselves,Needs Research,jessica_guerrieri@facinghistory.org,Cleveland,https://www.linkedin.com/in/anna-richards,Needs Verification,Not yet verified - requires manual check,1
Fairmount Insurance Services,Needs Research,steph.hronek@gmail.com,Cleveland,https://www.linkedin.com/in/sheri-shields,Needs Verification,Not yet verified - requires manual check,1
Fairway Independent Mortgage Corp.,Needs Research,brian.gibson@fairwaymc.com,Cleveland,https://www.linkedin.com/in/patrice-blakemore,Needs Verification,Not yet verified - requires manual check,1
Food for Thought Catering,Needs Research,bmatthew@foodforthought-ohio.com,Cleveland,https://www.linkedin.com/in/amy-patton,Needs Verification,Not yet verified - requires manual check,2
Fostering Hope,Needs Research,a.grassiamefia@fosteringhopeohio.org,Cleveland,https://www.linkedin.com/in/sean-richardson,Needs Verification,Not yet verified - requires manual check,1
Full Color Printings,Needs Research,fullcolorprintings@gmail.com,Cleveland,https://www.linkedin.com/in/amanda-tarnovecky,Needs Verification,Not yet verified - requires manual check,2
GAB INC.,Needs Research,gabby@thegabinc.com,Cleveland,https://www.linkedin.com/in/fran-wahrman,Needs Verification,Not yet verified - requires manual check,2
GLSEN NEO,Needs Research,ktollafi@kent.edu,Cleveland,https://www.linkedin.com/in/adam-flegal,Needs Verification,Not yet verified - requires manual check,4
"Gay Mens Field Guide, LLC",Needs Research,contact@gaymensfieldguide.com,Cleveland,https://www.linkedin.com/in/kelly-davis,Needs Verification,Not yet verified - requires manual check,1
Geauga SOGI Support Network,Needs Research,info@GeaugaSOGI.org,Cleveland,https://www.linkedin.com/in/abbey-geib,Needs Verification,Not yet verified - requires manual check,9
Giant Eagle Inc,Needs Research,renee.richardson@gianteagle.com,Cleveland,https://www.linkedin.com/in/hannah-cessna,Needs Verification,Not yet verified - requires manual check,10
Giardina Capital Management,Needs Research,miriam@giardinacapitalmanagement.com,Cleveland,https://www.linkedin.com/in/allen-scott,Needs Verification,Not yet verified - requires manual check,1
Gina Nicola Enterprises,Needs Research,gina@ginanicola.com,Cleveland,https://www.linkedin.com/in/lavinia-tighe,Needs Verification,Not yet verified - requires manual check,3
Goodwill Industries of Greater Cleveland and East Central Ohio,Needs Research,info@goodwillgoodskills.org,Cleveland,https://www.linkedin.com/in/daleelah-ali,Needs Verification,Not yet verified - requires manual check,3
Greater Akron Chamber,Needs Research,info@greaterakronchamber.org,Akron,https://www.linkedin.com/in/lizzie-bihari,Needs Verification,Not yet verified - requires manual check,8
Greater Cleveland Partnership,Needs Research,eriffle@greatercle.com,Cleveland,https://www.linkedin.com/in/ruby-felton,Needs Verification,Not yet verified - requires manual check,13
Greene River Consulting,Needs Research,ara@greeneriverconsulting.com,Cleveland,https://www.linkedin.com/in/brittny-reeves,Needs Verification,Not yet verified - requires manual check,1
HOLISTIC LAKEWOOD,Needs Research,admin@holisticlakewood.com,Lakewood,https://www.linkedin.com/in/heather-malarcik,Needs Verification,Not yet verified - requires manual check,2
Harrison Latham,Needs Research,aimee@harrisonlatham.com,Cleveland,https://www.linkedin.com/in/michelle-fretwell,Needs Verification,Not yet verified - requires manual check,2
Haus of Transcendent,Needs Research,JLuke@hotcle.org,Cleveland,https://www.linkedin.com/in/megan-baechle,Needs Verification,Not yet verified - requires manual check,2
Hearing Science,Needs Research,joe@hearsci.com,Cleveland,https://www.linkedin.com/in/julie-cowan,Needs Verification,Not yet verified - requires manual check,2
Heights Cooperative Preschool,Needs Research,heightscooppreschool@gmail.com,Cleveland,https://www.linkedin.com/in/melanie-kortyka,Needs Verification,Not yet verified - requires manual check,2
Helene Can Help LLC,Needs Research,hscaniac@gmail.com,Cleveland,https://www.linkedin.com/in/roy-bottiggi,Needs Verification,Not yet verified - requires manual check,2
Hispanic Business Center,Needs Research,RCedeno@hbcenter.org,Cleveland,https://www.linkedin.com/in/lisa-wheller,Needs Verification,Not yet verified - requires manual check,3
Honesty for Ohio Education,Needs Research,info@honestyforohioeducation.org,Cleveland,https://www.linkedin.com/in/benjamin-burney,Needs Verification,Not yet verified - requires manual check,2
Howling Print & Promo,Needs Research,ed@howlingforbusiness.com,Cleveland,https://www.linkedin.com/in/natalie-martin,Needs Verification,Not yet verified - requires manual check,1
Hyland,Needs Research,Courtney.Conn@Hyland.com,Cleveland,https://www.linkedin.com/in/alexandra-hoopes,Needs Verification,Not yet verified - requires manual check,11
INNATE ELECTRIC LLC,Needs Research,innateelectric@gmail.com,Cleveland,https://www.linkedin.com/in/trelle-smith,Needs Verification,Not yet verified - requires manual check,2
IVRL Inc.,Needs Research,hello@ivrl.io,Cleveland,https://www.linkedin.com/in/perren-hedderson,Needs Verification,Not yet verified - requires manual check,1
In Carol's Care,Needs Research,carol@incarolscare.com,Cleveland,https://www.linkedin.com/in/kate-herman,Needs Verification,Not yet verified - requires manual check,1
In Good Company,Needs Research,ingoodcompanywithtess@gmail.com,Cleveland,https://www.linkedin.com/in/larry-booth,Needs Verification,Not yet verified - requires manual check,1
India Ink Tattoo Company,Needs Research,india@indiainked.com,Cleveland,https://www.linkedin.com/in/luis-cruz,Needs Verification,Not yet verified - requires manual check,1
"Its The Body For Me, Fitness",Needs Research,tonyevansjr@yahoo.com,Cleveland,https://www.linkedin.com/in/amani-green,Needs Verification,Not yet verified - requires manual check,1
JToth Creative / JToth Art,Needs Research,jason@jtoth.art,Cleveland,https://www.linkedin.com/in/larisa-catcott,Needs Verification,Not yet verified - requires manual check,1
Janus Small Associates,Needs Research,jsmall@janussmallassociates.com,Cleveland,https://www.linkedin.com/in/emily-schon,Needs Verification,Not yet verified - requires manual check,4
Jason Thompson by Dream Vacations,Needs Research,Ja.fogarty@dreamvacations.com,Cleveland,https://www.linkedin.com/in/stephanie-holmes,Needs Verification,Not yet verified - requires manual check,2
Jennifer Speer Design,Needs Research,jennifer@jenniferspeer.com,Cleveland,https://www.linkedin.com/in/dawn-walcher,Needs Verification,Not yet verified - requires manual check,1
Jilly's Music Room LLC,Needs Research,info@jillysmusicroom.com,Cleveland,https://www.linkedin.com/in/michelle-wilcox,Needs Verification,Not yet verified - requires manual check,2
Jukebox,Needs Research,jukeboxcle@gmail.com,Cleveland,https://www.linkedin.com/in/john-conaway,Needs Verification,Not yet verified - requires manual check,1
Just ACTS LLC,Needs Research,justacts21@gmail.com,Cleveland,https://www.linkedin.com/in/sindy-lopez,Needs Verification,Not yet verified - requires manual check,1
K A S A interiors Staging & Home Services,Needs Research,karasellscle@gmail.com,Cleveland,https://www.linkedin.com/in/kyle-page,Needs Verification,Not yet verified - requires manual check,1
KW Design,Needs Research,info@kwdesigncle.com,Cleveland,https://www.linkedin.com/in/sandy-worona,Needs Verification,Not yet verified - requires manual check,1
Keerie Layne Creative,Needs Research,klaynecreative@gmail.com,Cleveland,https://www.linkedin.com/in/tiffany-pendleton,Needs Verification,Not yet verified - requires manual check,2
Keller Williams Living,Needs Research,carlysablotnyrealtor@gmail.com,Cleveland,https://www.linkedin.com/in/jason-wheaton,Needs Verification,Not yet verified - requires manual check,2
Kendal at Home,Needs Research,lpancio@kahome.kendal.org,Cleveland,https://www.linkedin.com/in/kristin-loveless,Needs Verification,Not yet verified - requires manual check,3
"Kendall Communications, LLC",Needs Research,kyle@kendallcommunications.net,Cleveland,https://www.linkedin.com/in/nikole-baringer,Needs Verification,Not yet verified - requires manual check,1
Kenneth Cameron LLC,Needs Research,ken@selfmade.life,Cleveland,https://www.linkedin.com/in/cheryl-tarantino,Needs Verification,Not yet verified - requires manual check,1
Kent Area Chamber of Commerce,Needs Research,dcampbell@kentbiz.com,Cleveland,https://www.linkedin.com/in/michelle-wolcott,Needs Verification,Not yet verified - requires manual check,1
Kerns Roofing & Restoration,Needs Research,dodgie.f@contractorindependence.com,Cleveland,https://www.linkedin.com/in/juan-collado,Needs Verification,Not yet verified - requires manual check,2
Kim Karbon Photography,Needs Research,KimKarbonPhotography@gmail.com,Cleveland,https://www.linkedin.com/in/hope-fierro,Needs Verification,Not yet verified - requires manual check,2
Kindred Harbor Behavioral Health,Needs Research,mhussein@kindredharbor.org,Cleveland,https://www.linkedin.com/in/charles-kennick,Needs Verification,Not yet verified - requires manual check,1
King Nut Companies,Needs Research,jmkanan@kingnut.com,Cleveland,https://www.linkedin.com/in/maria-sharp,Needs Verification,Not yet verified - requires manual check,1
Kingsville Lodge,Needs Research,kingsvillelodgerentals@gmail.com,Cleveland,https://www.linkedin.com/in/jessica-timms,Needs Verification,Not yet verified - requires manual check,1
LDR Worldwide,Needs Research,plewis@ldrworldwide.com,Cleveland,https://www.linkedin.com/in/sarah-january,Needs Verification,Not yet verified - requires manual check,4
LGBTQIA Coalition,Needs Research,roybottiggi@gmail.com,Cleveland,https://www.linkedin.com/in/treva-offutt,Needs Verification,Not yet verified - requires manual check,1
LOVEboldly,Needs Research,admin@loveboldly.net,Cleveland,https://www.linkedin.com/in/charles-grayer,Needs Verification,Not yet verified - requires manual check,2
Lady Luck Studio LLC,Needs Research,hello@ladyluck.studio,Cleveland,https://www.linkedin.com/in/brendan-zak,Needs Verification,Not yet verified - requires manual check,7
Lago Custom Events,Needs Research,events@lagoeastbank.com,Cleveland,https://www.linkedin.com/in/deb-ward,Needs Verification,Not yet verified - requires manual check,10
Lasting Impressions Event Rental,Needs Research,jacob@lirents.net,Cleveland,https://www.linkedin.com/in/denine-del,Needs Verification,Not yet verified - requires manual check,1
Lavender & Lace Event Rentals,Needs Research,rachel@lavenderandlacerentals.com,Cleveland,https://www.linkedin.com/in/mike-dresch,Needs Verification,Not yet verified - requires manual check,1
Law Enforcement Management Solutions (LEMS),Needs Research,marialloyd@lemsgroup.net,Cleveland,https://www.linkedin.com/in/zack-herdeson,Needs Verification,Not yet verified - requires manual check,3
Leasurely Crafts,Needs Research,leasurelycrafts@gmail.com,Cleveland,https://www.linkedin.com/in/samantha-mobley,Needs Verification,Not yet verified - requires manual check,1
Left of Str8 Media and Consulting,Needs Research,scott@leftofstr8.com,Cleveland,https://www.linkedin.com/in/samantha-payne,Needs Verification,Not yet verified - requires manual check,1
Legal Aid Society of Cleveland,lasclev.org,rquarto@lasclev.org,Cleveland,https://www.linkedin.com/in/carrie-protivnak,Active,"Founded 1905, 120th anniversary 2025, active",7
Leigh Bacho Photography LLC,Needs Research,lauren.bacho@gmail.com,Cleveland,https://www.linkedin.com/in/paige-riggle,Needs Verification,Not yet verified - requires manual check,1
Lepley & Co,Needs Research,lepleyandco@gmail.com,Cleveland,https://www.linkedin.com/in/ms-kandi,Needs Verification,Not yet verified - requires manual check,2
Licursi Bartending & Event Management Services,Needs Research,Daryl@licursibartending.com,Cleveland,https://www.linkedin.com/in/eva-rodgers,Needs Verification,Not yet verified - requires manual check,3
Life Equity LLC,Needs Research,swillkomm@lifeequity.com,Cleveland,https://www.linkedin.com/in/logan-baez,Needs Verification,Not yet verified - requires manual check,2
Liminal Esports LLC dba Snowbright Studio,Needs Research,contact@snowbrightstudio.com,Cleveland,https://www.linkedin.com/in/heather-dodig,Needs Verification,Not yet verified - requires manual check,1
Linear Creative LLC,Needs Research,ray@linearcreative.com,Cleveland,https://www.linkedin.com/in/nicholas-dybo,Needs Verification,Not yet verified - requires manual check,1
Little Rose Tavern,Needs Research,rks0076@yahoo.com,Cleveland,https://www.linkedin.com/in/brendan-foreman,Needs Verification,Not yet verified - requires manual check,1
"Lowe Scott Fisher Co., LPA",Needs Research,marketing@lsflaw.com,Cleveland,https://www.linkedin.com/in/gina-mccarthy,Needs Verification,Not yet verified - requires manual check,1
MB Detailing,Needs Research,molliebitting@gmail.com,Cleveland,https://www.linkedin.com/in/molly-vaughan,Needs Verification,Not yet verified - requires manual check,1
"MDTX Logistics, LLC",Needs Research,mdtxlogistics@gmail.com,Cleveland,https://www.linkedin.com/in/dan-brennan,Needs Verification,Not yet verified - requires manual check,1
MJB Immigration,Needs Research,stacy@mjbimmigration.com,Cleveland,https://www.linkedin.com/in/chloe-wingard,Needs Verification,Not yet verified - requires manual check,3
MOD Network LLC,Needs Research,sbartlett@mod.network,Cleveland,https://www.linkedin.com/in/zac-boyer,Needs Verification,Not yet verified - requires manual check,1
Main Street Kent,Needs Research,info@mainstreetkent.org,Cleveland,https://www.linkedin.com/in/shane-scarbrough,Needs Verification,Not yet verified - requires manual check,3
Manic Pixie Dream Market,Needs Research,morgan@midnightrainbow.com,Cleveland,https://www.linkedin.com/in/christopher-strnad,Needs Verification,Not yet verified - requires manual check,1
Margie's Hope,Needs Research,President@margieshope.org,Cleveland,https://www.linkedin.com/in/coleen-biehl,Needs Verification,Not yet verified - requires manual check,6
"Mariaâ€™s Permanent Hair Removal, LLC",Needs Research,Mariashairremoval@yahoo.com,Cleveland,https://www.linkedin.com/in/sad-sparks,Needs Verification,Not yet verified - requires manual check,1
Marigold Catering,marigoldcatering.com,j.r@marigoldcatering.com,Cleveland,https://www.linkedin.com/in/stephanie-swain,Active,"Active catering, rebranded March 2025",5
Marissa Patsey LPCC,Needs Research,marissa@marissapatsey.com,Cleveland,https://www.linkedin.com/in/kristen-swinton,Needs Verification,Not yet verified - requires manual check,1
Marquez Development,Needs Research,laceibacleveland@yahoo.com,Cleveland,https://www.linkedin.com/in/mx-max,Needs Verification,Not yet verified - requires manual check,1
"Masuda Law, LLC",Needs Research,todd@masudalawllc.com,Cleveland,https://www.linkedin.com/in/kim-fetty,Needs Verification,Not yet verified - requires manual check,1
Matt Rolf Attorney LLC,Needs Research,m-rolf@mattrolfattorneyllc.com,Cleveland,https://www.linkedin.com/in/ms-christine,Needs Verification,Not yet verified - requires manual check,3
Mavuno of Ohio,Needs Research,jeane@mavunoofoh.com,Cleveland,https://www.linkedin.com/in/keli-schimelpfenig,Needs Verification,Not yet verified - requires manual check,4
Medical Mobile of Ohio,Needs Research,Dr.monica@medicalmobileohio.com,Cleveland,https://www.linkedin.com/in/william-crozier,Needs Verification,Not yet verified - requires manual check,1
Medical Mutual,Needs Research,maggie.cappello@medmutual.com,Cleveland,https://www.linkedin.com/in/bryce-smetana,Needs Verification,Not yet verified - requires manual check,13
Modern Real Estate Services LLC dba Modern Title,Needs Research,mike@moderntitleohio.com,Cleveland,https://www.linkedin.com/in/kathy-crowe,Needs Verification,Not yet verified - requires manual check,2
"Morgan Financial Associates, LLC",Needs Research,tmorgan@morganfinancialassoc.com,Cleveland,https://www.linkedin.com/in/steven-nikolakis,Needs Verification,Not yet verified - requires manual check,1
Mullen Insurance Solutions LLC,Needs Research,nate@mulleninsurancesolutions.com,Cleveland,https://www.linkedin.com/in/densil-porteous,Needs Verification,Not yet verified - requires manual check,1
My Noble Path,Needs Research,mercedes@mynoblepath.com,Cleveland,https://www.linkedin.com/in/joe-bass,Needs Verification,Not yet verified - requires manual check,2
NOAS,Needs Research,kevans@noas.com,Cleveland,https://www.linkedin.com/in/jerome-sheriff,Needs Verification,Not yet verified - requires manual check,4
"Nadas Law, LLC",Needs Research,tnadas@nadaslaw.com,Cleveland,https://www.linkedin.com/in/jason-david-evans,Needs Verification,Not yet verified - requires manual check,2
Navigate Counseling and Consultation Services,Needs Research,operations@navigatecounseling.org,Cleveland,https://www.linkedin.com/in/karen-carson,Needs Verification,Not yet verified - requires manual check,4
Near West Theatre,nearwesttheatre.org,info@nearwesttheatre.org,Cleveland,https://www.linkedin.com/in/traci-kalpac,Active,"Active theater, 2025 shows scheduled",11
Neighborhood Family Practice,Needs Research,jcastellano@nfpmedcenter.org,Cleveland,https://www.linkedin.com/in/dr-katherine,Needs Verification,Not yet verified - requires manual check,6
Nestle,Needs Research,greg.campbell@us.nestle.com,Cleveland,https://www.linkedin.com/in/heather-utsler-smith,Needs Verification,Not yet verified - requires manual check,11
Next Level Therapy,Needs Research,Lisa@nextleveltherapy.net,Cleveland,https://www.linkedin.com/in/noelle-celeste,Needs Verification,Not yet verified - requires manual check,2
Nightsweats & T-cells,Needs Research,deegm@aol.com,Cleveland,https://www.linkedin.com/in/adam-crawford,Needs Verification,Not yet verified - requires manual check,2
Ninja City Gordon Square LLC,Needs Research,dylan@ninjacity.com,Cleveland,https://www.linkedin.com/in/julie-kelly,Needs Verification,Not yet verified - requires manual check,2
"Nomz, LLC",Needs Research,info@nomzeatz.com,Cleveland,https://www.linkedin.com/in/mr-wren,Needs Verification,Not yet verified - requires manual check,1
North Coast Men's Chorus,Needs Research,info@ncmchorus.org,Cleveland,https://www.linkedin.com/in/ms-quinn,Needs Verification,Not yet verified - requires manual check,7
Northeast Ohio Coalition for the Homeless,Needs Research,neoch@neoch.org,Cleveland,https://www.linkedin.com/in/gordon-sims,Needs Verification,Not yet verified - requires manual check,4
Northeast Ohio Regional Sewer District,Needs Research,olmedaangelo@neorsd.org,Cleveland,https://www.linkedin.com/in/stephanie-heller,Needs Verification,Not yet verified - requires manual check,14
Northside Marketplace,Needs Research,akronnorthsidemarketplace@gmail.com,Cleveland,https://www.linkedin.com/in/tara-szilagyi,Needs Verification,Not yet verified - requires manual check,1
Northwest Bank,northwest.bank,Caren.Totleben@Northwest.com,Cleveland,https://www.linkedin.com/in/stephanie-underwood,Active,"10 branches in OH, Cleveland metro area, active",5
Nueva Luz Urban Resource Center,Needs Research,njrodas@nlurc.org,Cleveland,https://www.linkedin.com/in/wendy-bridges,Needs Verification,Not yet verified - requires manual check,4
O'Flanagan All-Purpose Services LLC,Needs Research,jim@oapsie.com,Cleveland,https://www.linkedin.com/in/matthew-davidson,Needs Verification,Not yet verified - requires manual check,1
"Oasis Counseling Solutions, LLC",Needs Research,admin@ocsohio.com,Cleveland,https://www.linkedin.com/in/sandy-deida,Needs Verification,Not yet verified - requires manual check,4
Old Brooklyn Community Development Corporation,Needs Research,accounts@oldbrooklyn.com,Cleveland,https://www.linkedin.com/in/mx-daniel,Needs Verification,Not yet verified - requires manual check,12
Old Stone Capital Partners LLC,Needs Research,swillkomm@oldstonecapital.com,Cleveland,https://www.linkedin.com/in/alex-schreck,Needs Verification,Not yet verified - requires manual check,1
Open Arms Adoptions,Needs Research,info@openarmsadopt.com,Cleveland,https://www.linkedin.com/in/audrey-silvestro,Needs Verification,Not yet verified - requires manual check,8
"Organizational Architecture, Inc.",Needs Research,markfiala@oahumanresources.com,Cleveland,https://www.linkedin.com/in/daija-averyheart,Needs Verification,Not yet verified - requires manual check,1
Oswald Companies,oswaldcompanies.com,oswaldpride@oswaldcompanies.com,Cleveland,https://www.linkedin.com/in/ramona-brazile,Active,"Large insurance firm, $373.8M revenue 2025",7
Out Fitness Collective,Needs Research,jj@jjfit.pro,Cleveland,https://www.linkedin.com/in/marcie-lambrix,Needs Verification,Not yet verified - requires manual check,1
PFLAG Akron,Needs Research,pflagakron@gmail.com,Akron,https://www.linkedin.com/in/jennifer-mccall,Needs Verification,Not yet verified - requires manual check,2
PFLAG Cleveland,Needs Research,grohwargo@me.com,Cleveland,https://www.linkedin.com/in/barbara-schultz,Needs Verification,Not yet verified - requires manual check,4
PRN Solutions,Needs Research,mleppla@prn4hme.com,Cleveland,https://www.linkedin.com/in/barb-balit,Needs Verification,Not yet verified - requires manual check,1
Paige Mireles Photography,Needs Research,ohioloversweddingshow@gmail.com,Cleveland,https://www.linkedin.com/in/kiara-watkins,Needs Verification,Not yet verified - requires manual check,2
Pango Apparel,Needs Research,kandigirl2@outlook.com,Cleveland,https://www.linkedin.com/in/dara-adkison,Needs Verification,Not yet verified - requires manual check,1
Perkoski Photography,Needs Research,bob@perkoski.com,Cleveland,https://www.linkedin.com/in/diane-brenna,Needs Verification,Not yet verified - requires manual check,1
Pet-tique,Needs Research,pettique@pettique.com,Cleveland,https://www.linkedin.com/in/james-knapp,Needs Verification,Not yet verified - requires manual check,1
Playhouse Square,Needs Research,andy.selesnik@playhousesquare.org,Cleveland,https://www.linkedin.com/in/hot-deals,Needs Verification,Not yet verified - requires manual check,11
PortoSpire,Needs Research,andrew.wallace@portospire.com,Cleveland,https://www.linkedin.com/in/emily-pikturna,Needs Verification,Not yet verified - requires manual check,1
Prestige Cleaning and Windows,Needs Research,chris@prestigecleaningandwindows.com,Cleveland,https://www.linkedin.com/in/allison-woods,Needs Verification,Not yet verified - requires manual check,2
Propped Productions,Needs Research,rob@proppedproductions.com,Cleveland,https://www.linkedin.com/in/regina-bassett,Needs Verification,Not yet verified - requires manual check,3
RECESS GAMES,Needs Research,maria@recess.net,Cleveland,https://www.linkedin.com/in/alan-hazzard,Needs Verification,Not yet verified - requires manual check,2
Rainbow of Hope Counseling LLC,Needs Research,mmwesley@rainbowofhopecounseling.org,Cleveland,https://www.linkedin.com/in/lori-gabel,Needs Verification,Not yet verified - requires manual check,1
"Reddy or Knot Design, LLC",Needs Research,mairead@reddyorknot.com,Cleveland,https://www.linkedin.com/in/zielee-herbold,Needs Verification,Not yet verified - requires manual check,1
Redefined LLC,Needs Research,drjsanders@iamredefined.org,Cleveland,https://www.linkedin.com/in/jon-iannaco,Needs Verification,Not yet verified - requires manual check,1
Rockwell Automation,Needs Research,mkoball@ra.rockwell.com,Cleveland,https://www.linkedin.com/in/sue-seager,Needs Verification,Not yet verified - requires manual check,6
Safe Pass Driving School,Needs Research,safepass@safepasscle.com,Cleveland,https://www.linkedin.com/in/christine-bertlemann,Needs Verification,Not yet verified - requires manual check,3
"Sage & Maven, LLC",Needs Research,phyllis@sageandmaven.com,Cleveland,https://www.linkedin.com/in/aurora-keag,Needs Verification,Not yet verified - requires manual check,1
Sappho and Her Beans,Needs Research,Samantha.basille@gmail.com,Cleveland,https://www.linkedin.com/in/tom-kelley,Needs Verification,Not yet verified - requires manual check,1
Saucisson,Needs Research,iloveswine@gmail.com,Cleveland,https://www.linkedin.com/in/tracy-kipfstuhl,Needs Verification,Not yet verified - requires manual check,1
Scarlato's Pizzeria,Needs Research,willandtony@gmail.com,Cleveland,https://www.linkedin.com/in/jessica-miller,Needs Verification,Not yet verified - requires manual check,1
Seeds of Literacy,Needs Research,communications@seedsofliteracy.org,Cleveland,https://www.linkedin.com/in/amanda-naylor,Needs Verification,Not yet verified - requires manual check,4
Shamus Dickinson - Howard Hanna Real Estate Services,Needs Research,shamusdickinson@howardhanna.com,Cleveland,https://www.linkedin.com/in/valerie-mayen,Needs Verification,Not yet verified - requires manual check,1
Shearer's Foods LLC,Needs Research,kimdavenport@shearers.com,Cleveland,https://www.linkedin.com/in/kelsey-meyer,Needs Verification,Not yet verified - requires manual check,1
Shiny Penny Studios,Needs Research,whitney@shinypennystudios.com,Cleveland,https://www.linkedin.com/in/craig-dorn,Needs Verification,Not yet verified - requires manual check,3
Sisters of Economic Action,Needs Research,info@sistersofecon.org,Cleveland,https://www.linkedin.com/in/bonnie-huston,Needs Verification,Not yet verified - requires manual check,2
Sits 'n Wiggles Dog Training 'n Behavior Consulting,Needs Research,valarie@sitsnwigglescle.com,Cleveland,https://www.linkedin.com/in/heather-pollack,Needs Verification,Not yet verified - requires manual check,2
Skidmark Garage CLE,Needs Research,skidmarketingteam@gmail.com,Cleveland,https://www.linkedin.com/in/daniel-mcguire,Needs Verification,Not yet verified - requires manual check,3
SkinnyBoy Media,Needs Research,contact@skinnyboymedia.com,Cleveland,https://www.linkedin.com/in/corey-james,Needs Verification,Not yet verified - requires manual check,1
Skylight Financial Group,skylightfinancialgroup.com,Kbryan@financialguide.com,Cleveland,https://www.linkedin.com/in/mary-paxton,Active,"Active financial planning, 200+ professionals",4
Smart-LE,Needs Research,mzaller1@gmail.com,Cleveland,https://www.linkedin.com/in/carly-specht,Needs Verification,Not yet verified - requires manual check,2
Sophie La Gourmande,Needs Research,bob@sophielagourmande.com,Cleveland,https://www.linkedin.com/in/maverick-williams,Needs Verification,Not yet verified - requires manual check,1
blue csr strategies,Needs Research,andrew@bluecsr.com,Cleveland,https://www.linkedin.com/in/kevin-clayton,Needs Verification,Not yet verified - requires manual check,1
evrecruit.io,Needs Research,lisa.kagy@evrecruit.io,Cleveland,https://www.linkedin.com/in/anna-pitts,Needs Verification,Not yet verified - requires manual check,1
media schmedia LLC,Needs Research,halle@media-schmedia.com,Cleveland,https://www.linkedin.com/in/liz-briody,Needs Verification,Not yet verified - requires manual check,1
